OBJECTID,Academic Year,Fed ID,CDS Code,District Code,School Code,Region,County Name,District Name,School Name,School Type,Status,Open Date,Closed Date,School Level,Grade Low,Grade High,Charter,Charter Num,Funding Type,Virtual,Magnet,Title I,DASS,Assistance Status ESSA,Street,City,Zip,State,Locale,School Website,Enroll Total,African American,African American (%),American Indian,American Indian Pct,Asian,Asian (%),Filipino,Filipino (%),Hispanic,Hispanic (%),Pacific Islander,Pacific Islander (%),White,White (%),Two or More Races,Two or More Races (%),Not Reported,Not Reported (%),English Learner,English Learner (%),Foster,Foster (%),Homeless,Homeless (%),Migrant,Migrant (%),Socioeconomically Disadvantaged,Socioeconomically Disadvantaged (%),Students with Disabilities,Students with Disabilities (%),Free/Reduced Meal Eligible,Free/Reduced Meal Eligible (%),Grade TK,Grade KG,Grade 1,Grade 2,Grade 3,Grade 4,Grade 5,Grade 6,Grade 7,Grade 8,Grade 9,Grade 10,Grade 11,Grade 12,Latitude,Longitude,CountyCodeGeo,CountyNameGeo,DistrictElemCodeGeo,DistrictElemNameGeo,DistrictHighCodeGeo,DistrictHighNameGeo,DistrictUnifiedCodeGeo,DistrictUnifiedNameGeo,CongUSGeo,SenateCAGeo,AssemblyCAGeo,x,y
4012,2024-25,62334003548,20652432035707,65243,2035707,7,Madera,Madera Unified,Madera High,High,Active,7/1/1980 12:00:00 AM,,High,09,12,N,,,N,N,Y,N,No Status,200 South L St.,Madera,93637-4650,CA,"23 - Suburban, Small",http://www.madera.k12.ca.us/mhs,1869,25,1.3,8,0.4,37,2.0,5,0.3,1625,86.9,1,0.1,136,7.3,16,0.9,16,0.9,269,14.4,9,0.5,39,2.1,41,2.2,1534,82.1,129,6.9,1528,81.8,0,0,0,0,0,0,0,0,0,0,576,484,419,390,36.95455304,-120.06484276,12,Madera,,,,,2065243.0,Madera Unified,13,14,27,-13365557.1581668,4432773.95893563
2030,2024-25,61005001102,19644361936418,64436,1936418,11,Los Angeles,Covina-Valley Unified,Northview High,High,Active,7/1/1980 12:00:00 AM,,High,09,12,N,,,N,N,N,N,No Status,1016 West Cypress Ave.,Covina,91722-3145,CA,"21 - Suburban, Large",http://www.nhsvikings.org,1247,28,2.2,2,0.2,44,3.5,29,2.3,1075,86.2,0,0.0,51,4.1,11,0.9,7,0.6,84,6.7,2,0.2,87,7.0,0,0.0,1000,80.2,154,12.3,984,78.9,0,0,0,0,0,0,0,0,0,0,309,301,323,314,34.09436888,-117.91109113,11,Los Angeles,,,,,1964436.0,Covina-Valley Unified,31,22,48,-13125802.6234164,4041480.51073648
1085,2024-25,61970002366,10622656006761,62265,6006761,7,Fresno,Kings Canyon Joint Unified,General Grant Middle,Middle,Active,7/1/1980 12:00:00 AM,,Middle,06,8,N,,,N,N,Y,N,No Status,360 North East Ave.,Reedley,93654-2510,CA,"32 - Town, Distant",http://www.kcusd.com,526,0,0.0,1,0.2,1,0.2,3,0.6,495,94.1,1,0.2,14,2.7,2,0.4,9,1.7,117,22.2,0,0.0,6,1.1,24,4.6,480,91.3,48,9.1,480,91.3,0,0,0,0,0,0,0,178,167,181,0,0,0,0,36.59930505,-119.44361262,39,Fresno,,,,,1062265.0,Kings Canyon Joint Unified,21,14,33,-13296402.1353461,4383401.27887654
8826,2024-25,63204004927,45701106050488,70110,6050488,2,Shasta,Redding Elementary,Juniper,Elementary,Active,7/1/1980 12:00:00 AM,,Elementary,KG,8,N,,,N,N,Y,N,No Status,375 Ellis St.,Redding,96001-3644,CA,"13 - City, Small",http://juniper.reddingschools.net,227,7,3.1,10,4.4,3,1.3,2,0.9,50,22.0,1,0.4,123,54.2,26,11.5,5,2.2,3,1.3,2,0.9,5,2.2,0,0.0,193,85.0,57,25.1,192,84.6,13,19,18,21,28,30,30,24,18,26,0,0,0,0,40.56284816,-122.38266657,26,Shasta,4570110.0,Redding Elementary,4570136.0,Shasta Union High,,,1,1,1,-13623576.1244412,4948074.13483084
933,2024-25,60903008466,10621176117550,62117,6117550,7,Fresno,Clovis Unified,Century Elementary,Elementary,Active,8/28/2000 12:00:00 AM,,Elementary,KG,6,N,,,N,N,N,N,No Status,965 North Sunnyside Ave.,Clovis,93611-8171,CA,"21 - Suburban, Large",,722,18,2.5,5,0.7,73,10.1,8,1.1,284,39.3,2,0.3,266,36.8,46,6.4,20,2.8,47,6.5,1,0.1,1,0.1,2,0.3,294,40.7,87,12.0,294,40.7,25,82,93,93,102,97,111,119,0,0,0,0,0,0,36.84763805,-119.69240269,39,Fresno,,,,,1062117.0,Clovis Unified,20,12,8,-13324097.3192296,4417890.72122522
8356,2024-25,60720000672,43693936046627,69393,6046627,5,Santa Clara,Campbell Union,Monroe Middle,Middle,Active,7/1/1980 12:00:00 AM,,Middle,06,8,Y,899.0,Locally funded,N,N,N,N,No Status,1055 South Monroe St.,San Jose,95128-3150,CA,"11 - City, Large",http://www.campbellusd.org,677,26,3.8,0,0.0,33,4.9,19,2.8,503,74.3,2,0.3,63,9.3,26,3.8,5,0.7,257,38.0,2,0.3,14,2.1,0,0.0,432,63.8,98,14.5,400,59.1,0,0,0,0,0,0,0,220,223,234,0,0,0,0,37.30820494,-121.94451309,53,Santa Clara,4369393.0,Campbell Union,4369401.0,Campbell Union High,,,16,15,26,-13574801.102154,4482154.09452269
5283,2024-25,60001303571,31750856111975,75085,6111975,3,Placer,Rocklin Unified,Breen Elementary,Elementary,Active,8/25/1994 12:00:00 AM,,Elementary,KG,6,N,,,N,N,N,N,No Status,2751 Breen Dr.,Rocklin,95765-5158,CA,"21 - Suburban, Large",http://www.rocklinusd.org,424,5,1.2,3,0.7,34,8.0,10,2.4,80,18.9,1,0.2,224,52.8,51,12.0,16,3.8,30,7.1,0,0.0,4,0.9,0,0.0,96,22.6,49,11.6,96,22.6,23,48,45,52,72,55,65,64,0,0,0,0,0,0,38.81810512,-121.25971316,17,Placer,,,,,3175085.0,Rocklin Unified,3,6,5,-13498569.5227118,4695650.08173974
2885,2024-25,62271002843,19647336015994,64733,6015994,11,Los Angeles,Los Angeles Unified,Beethoven Street Elementary,Elementary,Active,7/1/1947 12:00:00 AM,,Elementary,KG,5,N,,,N,N,Y,N,No Status,3711 Beethoven St.,Los Angeles,90066-3517,CA,"11 - City, Large",http://beethovenschool.org,315,17,5.4,0,0.0,11,3.5,0,0.0,185,58.7,2,0.6,80,25.4,9,2.9,11,3.5,25,7.9,0,0.0,2,0.6,0,0.0,194,61.6,49,15.6,193,61.3,29,43,41,36,40,58,68,0,0,0,0,0,0,0,34.00204584,-118.44332722,11,Los Angeles,,,,,1964733.0,Los Angeles Unified,36,28,55,-13185050.8739477,4029076.73579209
40,2024-25,60186007937,1611276116222,61127,6116222,4,Alameda,Albany City Unified,Ocean View Elementary,Elementary,Active,9/1/1999 12:00:00 AM,,Elementary,KG,5,N,,,N,N,Y,N,No Status,1000 Jackson St.,Albany,94706-1904,CA,"21 - Suburban, Large",http://ov.ausdk12.org/,563,25,4.4,1,0.2,190,33.7,5,0.9,130,23.1,0,0.0,88,15.6,54,9.6,70,12.4,134,23.8,0,0.0,6,1.1,0,0.0,266,47.2,59,10.5,264,46.9,59,71,71,99,74,105,84,0,0,0,0,0,0,0,37.88688996,-122.30137821,1,Alameda,,,,,161127.0,Albany City Unified,12,7,14,-13614527.1456253,4563459.45724854
1254,2024-25,60300010799,12626790109975,62679,109975,1,Humboldt,Arcata Elementary,Fuente Nueva Charter,Elementary,Active,8/29/2005 12:00:00 AM,,Elementary,KG,5,Y,744.0,Directly funded,N,N,Y,N,No Status,1730 Janes Rd.,Arcata,95521-9623,CA,"33 - Town, Remote",http://www.humboldt.k12.ca.us/fuentenueva/,150,1,0.7,2,1.3,0,0.0,0,0.0,66,44.0,0,0.0,55,36.7,24,16.0,2,1.3,3,2.0,0,0.0,1,0.7,0,0.0,68,45.3,19,12.7,68,45.3,22,24,23,19,17,24,21,0,0,0,0,0,0,0,40.87958304,-124.10049587,6,Humboldt,1262679.0,Arcata Elementary,1262687.0,Northern Humboldt Union High,,,2,2,2,-13814804.0074581,4994596.38171284
7537,2024-25,14247,37771720138099,77172,138099,9,San Diego,SBE - Baypoint Preparatory Academy San Diego,Baypoint Preparatory Academy - San Diego,Elementary,Active,8/20/2018 12:00:00 AM,,Elementary,KG,8,Y,1966.0,Directly funded,N,N,Y,N,No Status,520 E. Carmel St.,San Marcos,92078-3811,CA,"21 - Suburban, Large",http://www.baypointprep.org,162,6,3.7,0,0.0,8,4.9,4,2.5,90,55.6,0,0.0,46,28.4,8,4.9,0,0.0,24,14.8,1,0.6,8,4.9,0,0.0,94,58.0,18,11.1,94,58.0,11,22,19,17,17,21,17,13,18,7,0,0,0,0,33.13860281,-117.15006693,21,San Diego,,,,,3773791.0,San Marcos Unified,50,40,76,-13041085.7970328,3913715.65209721
6492,2024-25,62895014270,36678270137174,67827,137174,10,San Bernardino,Oro Grande,Mojave River Academy - Gold Canyon,K-12,Active,8/21/2018 12:00:00 AM,,Other,KG,12,Y,1937.0,Directly funded,N,N,Y,N,No Status,8922 Beech Ave.,Fontana,92335-8200,CA,"21 - Suburban, Large",http://www.mojaveriver.net,221,4,1.8,2,0.9,0,0.0,0,0.0,177,80.1,0,0.0,31,14.0,6,2.7,1,0.5,36,16.3,5,2.3,6,2.7,0,0.0,199,90.0,35,15.8,197,89.1,0,2,3,6,3,2,6,7,9,18,28,32,38,67,34.0912639,-117.47211206,20,San Bernardino,,,,,3667710.0,Fontana Unified,35,29,50,-13076935.6969568,4041063.13116303
2289,2024-25,62142011328,19647090100602,64709,100602,11,Los Angeles,Lennox,"Lennox Mathematics, Science and Technology Academy",High,Active,8/13/2003 12:00:00 AM,,High,09,12,Y,509.0,Directly funded,N,N,N,N,No Status,11036 Hawthorne Blvd.,Lennox,90304-2316,CA,"21 - Suburban, Large",http://www.lennoxacademy.org,588,1,0.2,0,0.0,0,0.0,1,0.2,583,99.1,0,0.0,1,0.2,0,0.0,2,0.3,71,12.1,0,0.0,21,3.6,0,0.0,522,88.8,50,8.5,504,85.7,0,0,0,0,0,0,0,0,0,0,151,146,147,144,33.93511784,-118.3517982,11,Los Angeles,1964709.0,Lennox,1964352.0,Centinela Valley Union High,,,43,35,61,-13174861.9101413,4020093.26096292
6207,2024-25,61734003760,35674706112320,67470,6112320,5,San Benito,Hollister,Maze Middle,Middle,Active,8/30/1994 12:00:00 AM,,Middle,06,8,N,,,N,N,Y,N,No Status,900 Meridian St.,Hollister,95023-4107,CA,"32 - Town, Distant",http://www.hesd.org,580,5,0.9,1,0.2,8,1.4,3,0.5,487,84.0,0,0.0,57,9.8,8,1.4,11,1.9,115,19.8,2,0.3,8,1.4,50,8.6,384,66.2,83,14.3,380,65.5,0,0,0,0,0,0,0,188,171,221,0,0,0,0,36.85274294,-121.38551596,50,San Benito,3567470.0,Hollister,3567538.0,San Benito High,,,18,17,29,-13512573.8262953,4418600.88033139
1916,2024-25,60360000285,19642796011332,64279,6011332,11,Los Angeles,Azusa Unified,Valleydale Elementary,Elementary,Active,7/1/1980 12:00:00 AM,,Elementary,KG,5,N,,,N,N,Y,N,No Status,700 South Lark Ellen,Azusa,91702-5499,CA,"21 - Suburban, Large",,526,4,0.8,0,0.0,4,0.8,17,3.2,468,89.0,0,0.0,11,2.1,5,1.0,17,3.2,157,29.8,5,1.0,70,13.3,0,0.0,436,82.9,67,12.7,430,81.7,37,64,88,87,86,87,77,0,0,0,0,0,0,0,34.10910488,-117.91601214,11,Los Angeles,,,,,1964279.0,Azusa Unified,31,22,48,-13126350.4277605,4043461.57130402
6881,2024-25,60861009350,37680236107775,68023,6107775,9,San Diego,Chula Vista Elementary,Chula Vista Hills Elementary,Elementary,Active,7/1/1980 12:00:00 AM,,Elementary,KG,6,N,,,N,N,Y,N,No Status,980 Buena Vista Way,Chula Vista,91910-7133,CA,"11 - City, Large",http://schools.cvesd.org/schools/chulavistahills/,430,6,1.4,0,0.0,16,3.7,36,8.4,300,69.8,1,0.2,41,9.5,29,6.7,1,0.2,75,17.4,0,0.0,26,6.0,0,0.0,208,48.4,63,14.7,208,48.4,23,39,48,54,74,70,57,65,0,0,0,0,0,0,32.63677276,-117.00350687,21,San Diego,3768023.0,Chula Vista Elementary,3768411.0,Sweetwater Union High,,,52,18,80,-13024770.8058182,3847190.27285736
3533,2024-25,62970004615,19648656021299,64865,6021299,11,Los Angeles,Palos Verdes Peninsula Unified,Montemalaga Elementary,Elementary,Active,7/1/1980 12:00:00 AM,,Elementary,KG,5,N,,,C,N,N,N,No Status,1121 Via Nogales,Palos Verdes Estates,90274-1671,CA,"21 - Suburban, Large",http://montemalaga.pvpusd.net,416,5,1.2,0,0.0,169,40.6,8,1.9,62,14.9,0,0.0,123,29.6,47,11.3,2,0.5,24,5.8,0,0.0,2,0.5,0,0.0,23,5.5,34,8.2,23,5.5,22,55,49,75,68,67,80,0,0,0,0,0,0,0,33.79070482,-118.39521219,11,Los Angeles,,,,,1964865.0,Palos Verdes Peninsula Unified,36,24,66,-13179694.7333791,4000733.29974642
8070,2024-25,63186004915,41689996044325,68999,6044325,4,San Mateo,Ravenswood City Elementary,Costano Elementary,Elementary,Active,7/1/1980 12:00:00 AM,,Elementary,KG,5,N,,,N,N,Y,N,No Status,2695 Fordham St.,East Palo Alto,94303-1207,CA,"21 - Suburban, Large",http://www.ravenswoodschools.org/,369,27,7.3,1,0.3,3,0.8,0,0.0,269,72.9,46,12.5,9,2.4,13,3.5,1,0.3,192,52.0,1,0.3,71,19.2,0,0.0,337,91.3,60,16.3,332,90.0,30,47,62,52,65,52,61,0,0,0,0,0,0,0,37.47812794,-122.13848514,51,San Mateo,4168999.0,Ravenswood City Elementary,4169062.0,Sequoia Union High,,,15,13,21,-13596393.9719871,4505962.86105993
2040,2024-25,61005001103,19644366012587,64436,6012587,11,Los Angeles,Covina-Valley Unified,Rowland Avenue Elementary,Elementary,Active,7/1/1980 12:00:00 AM,,Elementary,KG,5,N,,,N,N,Y,N,No Status,1355 East Rowland Ave.,West Covina,91790-1845,CA,"21 - Suburban, Large",http://rowland.c-vusd.org,423,4,0.9,0,0.0,50,11.8,12,2.8,326,77.1,0,0.0,18,4.3,11,2.6,2,0.5,72,17.0,0,0.0,10,2.4,0,0.0,323,76.4,75,17.7,322,76.1,31,50,55,61,76,76,74,0,0,0,0,0,0,0,34.07992288,-117.91783813,11,Los Angeles,,,,,1964436.0,Covina-Valley Unified,31,22,48,-13126553.6960843,4039538.77149683
5643,2024-25,63315005149,33672156032692,67215,6032692,10,Riverside,Riverside Unified,Longfellow Elementary,Elementary,Active,7/1/1980 12:00:00 AM,,Elementary,PK,6,N,,,N,N,Y,N,No Status,3610 Eucalyptus Ave.,Riverside,92507-4161,CA,"11 - City, Large",http://longfellow.riversideunified.org/,701,17,2.4,1,0.1,8,1.1,3,0.4,633,90.3,3,0.4,15,2.1,4,0.6,17,2.4,297,42.4,1,0.1,82,11.7,0,0.0,653,93.2,74,10.6,652,93.0,28,89,108,116,86,91,101,82,0,0,0,0,0,0,33.9782049,-117.35941203,18,Riverside,,,,,3367215.0,Riverside Unified,39,31,58,-13064389.986961,4025875.85199359
2304,2024-25,62193002607,19647176015085,64717,6015085,11,Los Angeles,Little Lake City Elementary,Paddison Elementary,Elementary,Active,7/1/1980 12:00:00 AM,,Elementary,KG,5,N,,,N,N,Y,N,No Status,12100 Crewe St.,Norwalk,90650-2443,CA,"21 - Suburban, Large",http://www.llcsd.net,296,6,2.0,0,0.0,11,3.7,4,1.4,268,90.5,0,0.0,5,1.7,2,0.7,0,0.0,33,11.1,2,0.7,28,9.5,0,0.0,236,79.7,68,23.0,236,79.7,23,36,40,39,58,47,53,0,0,0,0,0,0,0,33.92050485,-118.07561215,11,Los Angeles,1964717.0,Little Lake City Elementary,1965128.0,Whittier Union High,,,38,30,64,-13144117.0196036,4018132.75799462
7855,2024-25,63801001375,39686766042766,68676,6042766,6,San Joaquin,Stockton Unified,Taft Elementary,Elementary,Active,8/26/1992 12:00:00 AM,,Elementary,KG,8,N,,,N,Y,Y,N,ATSI,419 Downing Ave.,Stockton,95206-3743,CA,"11 - City, Large",,449,38,8.5,0,0.0,34,7.6,16,3.6,341,75.9,0,0.0,2,0.4,16,3.6,2,0.4,116,25.8,1,0.2,32,7.1,5,1.1,396,88.2,78,17.4,391,87.1,22,41,47,45,43,47,53,48,43,60,0,0,0,0,37.91427604,-121.28469806,23,San Joaquin,,,,,3968676.0,Stockton Unified,9,5,13,-13501350.8290659,4567322.96013527
1661,2024-25,63888007886,15638261530245,63826,1530245,8,Kern,Tehachapi Unified,Monroe High (Continuation),Continuation,Active,7/1/1980 12:00:00 AM,,High,09,12,N,,,N,N,N,Y,No Status,801 South Dennison Rd.,Tehachapi,93561-1513,CA,"41 - Rural, Fringe",,25,0,0.0,0,0.0,0,0.0,0,0.0,13,52.0,0,0.0,11,44.0,1,4.0,0,0.0,5,20.0,0,0.0,2,8.0,0,0.0,12,48.0,3,12.0,12,48.0,0,0,0,0,0,0,0,0,0,0,0,0,0,25,35.12168796,-118.43448331,8,Kern,,,,,1563826.0,Tehachapi Unified,20,12,32,-13184066.3743965,4180430.37273237
3483,2024-25,62769004161,19648406020952,64840,6020952,11,Los Angeles,Norwalk-La Mirada Unified,Earl E. Edmondson Elementary,Elementary,Active,7/1/1980 12:00:00 AM,,Elementary,KG,5,N,,,N,N,Y,N,No Status,15121 South Grayland Ave.,Norwalk,90650-6627,CA,"21 - Suburban, Large",http://www.edmondsonelementary.org,352,5,1.4,1,0.3,8,2.3,6,1.7,325,92.3,0,0.0,3,0.9,3,0.9,1,0.3,151,42.9,0,0.0,90,25.6,17,4.8,299,84.9,68,19.3,292,83.0,14,49,44,72,57,59,57,0,0,0,0,0,0,0,33.89340485,-118.07681215,11,Los Angeles,,,,,1964840.0,Norwalk-La Mirada Unified,38,30,64,-13144250.6029924,4014497.86673322
6409,2024-25,61392010362,36677106106702,67710,6106702,10,San Bernardino,Fontana Unified,Chaparral Academy of Technology,Elementary,Active,7/1/1980 12:00:00 AM,,Elementary,KG,5,N,,,N,N,Y,N,No Status,14000 Shadow Dr.,Fontana,92337-0640,CA,"21 - Suburban, Large",http://www.fusd.net,205,9,4.4,0,0.0,3,1.5,3,1.5,177,86.3,0,0.0,7,3.4,6,2.9,0,0.0,70,34.1,0,0.0,9,4.4,0,0.0,179,87.3,20,9.8,179,87.3,0,17,34,32,40,42,40,0,0,0,0,0,0,0,34.0447439,-117.49989106,20,San Bernardino,,,,,3667710.0,Fontana Unified,35,31,50,-13080028.041051,4034811.62216748
8420,2024-25,61314001499,43694356047179,69435,6047179,5,Santa Clara,Evergreen Elementary,Quimby Oak Middle,Middle,Active,7/1/1980 12:00:00 AM,,Middle,07,8,N,,,N,N,N,N,No Status,3190 Quimby Rd.,San Jose,95148-3022,CA,"11 - City, Large",,857,6,0.7,4,0.5,508,59.3,60,7.0,210,24.5,4,0.5,22,2.6,42,4.9,1,0.1,126,14.7,0,0.0,1,0.1,2,0.2,273,31.9,78,9.1,261,30.5,0,0,0,0,0,0,0,0,429,428,0,0,0,0,37.32400495,-121.78581307,53,Santa Clara,4369435.0,Evergreen Elementary,4369427.0,East Side Union High,,,19,15,25,-13557134.6967759,4484365.63999189
9460,2024-25,69104510445,54105466119291,10546,6119291,7,Tulare,Tulare County Office of Education,Eleanor Roosevelt Community Learning Center,K-12,Active,8/13/2001 12:00:00 AM,,Other,KG,12,Y,395.0,Directly funded,N,N,Y,N,No Status,31191 Road 180,Visalia,93292-9585,CA,"41 - Rural, Fringe",http://www.erclc.org,467,7,1.5,0,0.0,6,1.3,0,0.0,211,45.2,0,0.0,219,46.9,24,5.1,0,0.0,5,1.1,0,0.0,10,2.1,0,0.0,263,56.3,62,13.3,262,56.1,24,40,35,39,28,32,31,36,41,33,39,35,33,21,36.35553604,-119.17173455,31,Tulare,,,,,5476836.0,Exeter Unified,21,16,33,-13266136.8070361,4349653.50928837
3048,2024-25,62271003118,19647336017735,64733,6017735,11,Los Angeles,Los Angeles Unified,Kittridge Street Elementary,Elementary,Active,7/1/1957 12:00:00 AM,,Elementary,KG,5,N,,,N,N,Y,N,No Status,13619 Kittridge St.,Van Nuys,91401-1113,CA,"11 - City, Large",http://kittridgestes.lausd.org,768,8,1.0,0,0.0,12,1.6,0,0.0,442,57.6,1,0.1,267,34.8,4,0.5,34,4.4,333,43.4,1,0.1,17,2.2,0,0.0,716,93.2,73,9.5,715,93.1,53,101,109,131,113,127,134,0,0,0,0,0,0,0,34.19093686,-118.42993223,11,Los Angeles,,,,,1964733.0,Los Angeles Unified,29,27,43,-13183559.7505293,4054469.08679606
6953,2024-25,61350012099,37681140115519,68114,115519,9,San Diego,Fallbrook Union Elementary,Santa Margarita Academy,Community Day,Active,8/28/2007 12:00:00 AM,,Middle,04,8,N,,,N,N,Y,Y,No Status,400 West Elder St.,Fallbrook,92028-2108,CA,"31 - Town, Fringe",http://www.fuesd.org/smla,3,0,0.0,0,0.0,0,0.0,0,0.0,3,100.0,0,0.0,0,0.0,0,0.0,0,0.0,2,66.7,0,0.0,0,0.0,1,33.3,3,100.0,0,0.0,3,100.0,0,0,0,0,0,0,0,0,0,3,0,0,0,0,33.38010283,-117.25515097,21,San Diego,3768114.0,Fallbrook Union Elementary,3768122.0,Fallbrook Union High,,,48,40,75,-13052783.698919,3945865.6211582
8851,2024-25,63678007445,46701774630034,70177,4630034,3,Sierra,Sierra-Plumas Joint Unified,Sierra Pass (Continuation),Continuation,Active,8/25/1997 12:00:00 AM,,High,09,12,N,,,N,N,Y,Y,No Status,700 Fourth St.,Loyalton,96118-0037,CA,"42 - Rural, Distant",http://www.sierracountyschools.org,5,0,0.0,0,0.0,0,0.0,0,0.0,1,20.0,0,0.0,4,80.0,0,0.0,0,0.0,0,0.0,0,0.0,0,0.0,0,0.0,1,20.0,1,20.0,1,20.0,0,0,0,0,0,0,0,0,0,0,0,2,1,2,39.67952527,-120.24533411,55,Sierra,,,,,4670177.0,Sierra-Plumas Joint Unified,3,1,1,-13385649.3633719,4819480.46919468
3252,2024-25,62271003449,19647336019863,64733,6019863,11,Los Angeles,Los Angeles Unified,West Athens Elementary,Elementary,Active,7/1/1907 12:00:00 AM,,Elementary,KG,5,N,,,N,N,Y,N,No Status,1110 West 119th St.,Los Angeles,90044-6504,CA,"21 - Suburban, Large",http://westathenses.lausd.org,545,143,26.2,1,0.2,1,0.2,1,0.2,364,66.8,0,0.0,5,0.9,5,0.9,25,4.6,173,31.7,11,2.0,22,4.0,0,0.0,531,97.4,66,12.1,531,97.4,41,84,74,85,76,85,100,0,0,0,0,0,0,0,33.92433884,-118.29394019,11,Los Angeles,,,,,1964733.0,Los Angeles Unified,43,35,61,-13168421.1858559,4018647.09984934
4732,2024-25,61473001800,30665066028120,66506,6028120,9,Orange,Fullerton Elementary,Pacific Drive Elementary,Elementary,Active,7/1/1980 12:00:00 AM,,Elementary,KG,6,N,,,N,N,Y,N,No Status,1501 West Valencia Dr.,Fullerton,92833-3940,CA,"21 - Suburban, Large",http://www.fullertonsd.org/pacific,607,11,1.8,4,0.7,19,3.1,8,1.3,496,81.7,2,0.3,52,8.6,15,2.5,0,0.0,160,26.4,0,0.0,8,1.3,0,0.0,441,72.7,113,18.6,429,70.7,48,80,85,74,91,75,73,81,0,0,0,0,0,0,33.86710485,-117.95361212,48,Orange,3066506.0,Fullerton Elementary,3066514.0,Fullerton Joint Union High,,,46,34,67,-13130536.0384766,4010971.38271833
7580,2024-25,63441005590,38684786040752,68478,6040752,4,San Francisco,San Francisco Unified,Carmichael (Bessie)/FEC,Elementary,Active,7/1/1980 12:00:00 AM,,Elementary,KG,8,N,,,N,N,Y,N,ATSI,375 Seventh St.,San Francisco,94103-4020,CA,"11 - City, Large",,555,106,19.1,5,0.9,40,7.2,117,21.1,144,25.9,6,1.1,50,9.0,49,8.8,38,6.8,166,29.9,8,1.4,88,15.9,1,0.2,433,78.0,113,20.4,425,76.6,21,60,61,55,63,49,64,62,56,64,0,0,0,0,37.77622694,-122.40638521,22,San Francisco,,,,,3868478.0,San Francisco Unified,11,11,17,-13626216.4714498,4547862.23601499
5021,2024-25,63531007596,30666706115588,66670,6115588,9,Orange,Santa Ana Unified,Raymond A. Villa Fundamental Intermediate,Middle,Active,9/10/1998 12:00:00 AM,,Middle,06,8,N,,,N,N,Y,N,No Status,1441 East Chestnut Ave.,Santa Ana,92701-6318,CA,"11 - City, Large",,936,0,0.0,0,0.0,15,1.6,0,0.0,914,97.6,0,0.0,3,0.3,3,0.3,1,0.1,369,39.4,5,0.5,118,12.6,10,1.1,904,96.6,126,13.5,892,95.3,0,0,0,0,0,0,0,283,344,309,0,0,0,0,33.74352684,-117.8485841,48,Orange,,,,,3066670.0,Santa Ana Unified,46,34,68,-13118844.3727575,3994415.71740326
5456,2024-25,61692011019,33670820102780,67082,102780,10,Riverside,Hemet Unified,Diamond Valley Middle,Middle,Active,8/30/2004 12:00:00 AM,,Middle,06,8,N,,,N,N,Y,N,No Status,291 West Chambers St.,Hemet,92543-9658,CA,"22 - Suburban, Midsize",http://diamondvalley.hemetusd.org,1123,120,10.7,3,0.3,11,1.0,9,0.8,770,68.6,10,0.9,143,12.7,57,5.1,0,0.0,159,14.2,13,1.2,34,3.0,0,0.0,1024,91.2,239,21.3,1019,90.7,0,0,0,0,0,0,0,354,400,369,0,0,0,0,33.72130489,-116.97331194,18,Riverside,,,,,3367082.0,Hemet Unified,25,19,36,-13021409.5215356,3991441.19007303
1057,2024-25,61455003024,10621666112619,62166,6112619,7,Fresno,Fresno Unified,Fulton,Special Education,Active,12/29/1994 12:00:00 AM,,High,07,12,N,,,N,N,Y,N,No Status,2004 Cambridge Ave.,Fresno,93703-2119,CA,"11 - City, Large",http://go.fresnou.org/fulton,23,2,8.7,1,4.3,0,0.0,0,0.0,16,69.6,1,4.3,3,13.0,0,0.0,0,0.0,2,8.7,4,17.4,0,0.0,0,0.0,21,91.3,23,100.0,21,91.3,0,0,0,0,0,0,0,0,0,0,2,6,7,8,36.769341,-119.78659703,39,Fresno,,,,,1062166.0,Fresno Unified,21,14,31,-13334582.9851934,4407004.47929538
4158,2024-25,62448003659,23655816025167,65581,6025167,1,Mendocino,Mendocino Unified,Mendocino K-8,Elementary,Active,7/1/1980 12:00:00 AM,,Elementary,KG,8,N,,,N,N,Y,N,No Status,44261 Little Lake Rd.,Mendocino,95460-0226,CA,"42 - Rural, Distant",,241,0,0.0,0,0.0,0,0.0,1,0.4,44,18.3,0,0.0,179,74.3,14,5.8,3,1.2,13,5.4,0,0.0,15,6.2,3,1.2,165,68.5,41,17.0,165,68.5,1,24,14,25,17,31,19,37,39,34,0,0,0,0,39.31059696,-123.7841646,44,Mendocino,,,,,2365581.0,Mendocino Unified,2,2,2,-13779590.1715804,4766260.07953182
7404,2024-25,63864006483,37684116062004,68411,6062004,9,San Diego,Sweetwater Union High,Hilltop Middle,Middle,Active,7/1/1980 12:00:00 AM,,Middle,07,8,N,,,N,Y,Y,N,No Status,44 East J St.,Chula Vista,91910-6115,CA,"11 - City, Large",http://htm.sweetwaterschools.org/,866,12,1.4,2,0.2,10,1.2,14,1.6,738,85.2,1,0.1,62,7.2,27,3.1,0,0.0,155,17.9,1,0.1,9,1.0,1,0.1,467,53.9,125,14.4,452,52.2,0,0,0,0,0,0,0,0,426,440,0,0,0,0,32.63091576,-117.06085188,21,San Diego,3768023.0,Chula Vista Elementary,3768411.0,Sweetwater Union High,,,52,18,80,-13031154.4231128,3846416.05140627
971,2024-25,61455014587,10621660140806,62166,140806,7,Fresno,Fresno Unified,Aspen Ridge Public,High,Active,8/9/2021 12:00:00 AM,,High,07,12,Y,2115.0,Directly funded,C,N,Y,N,No Status,3821 North Clark St.,Fresno,93726-4806,CA,"11 - City, Large",http://ridge.aspenps.org,246,26,10.6,0,0.0,7,2.8,1,0.4,193,78.5,0,0.0,12,4.9,7,2.8,0,0.0,41,16.7,1,0.4,41,16.7,0,0.0,201,81.7,47,19.1,200,81.3,0,0,0,0,0,0,0,0,66,71,40,41,17,11,36.78753204,-119.7855627,39,Fresno,,,,,1062166.0,Fresno Unified,21,14,31,-13334467.8441471,4409532.72720002
7204,2024-25,63432005430,37683386039358,68338,6039358,9,San Diego,San Diego Unified,Carver Elementary,Elementary,Active,7/1/1980 12:00:00 AM,,Elementary,KG,5,N,,,N,N,Y,N,No Status,3251 Juanita St.,San Diego,92105-3807,CA,"11 - City, Large",http://www.carver.sandiegounified.org/,187,33,17.6,0,0.0,24,12.8,3,1.6,101,54.0,5,2.7,7,3.7,14,7.5,0,0.0,58,31.0,0,0.0,11,5.9,0,0.0,172,92.0,31,16.6,170,90.9,24,31,33,28,21,28,22,0,0,0,0,0,0,0,32.73985377,-117.07070589,21,San Diego,,,,,3768338.0,San Diego Unified,52,39,79,-13032251.3665209,3860824.59157028
7941,2024-25,62308009910,40687596109342,68759,6109342,8,San Luis Obispo,Lucia Mar Unified,Mesa Middle,Middle,Active,6/22/1990 12:00:00 AM,,Middle,07,8,N,,,N,N,Y,N,No Status,2555 Halcyon Rd.,Arroyo Grande,93420-6539,CA,"23 - Suburban, Small",http://mesa.luciamarschools.org/,474,3,0.6,1,0.2,4,0.8,5,1.1,311,65.6,0,0.0,131,27.6,15,3.2,4,0.8,63,13.3,3,0.6,132,27.8,14,3.0,351,74.1,82,17.3,350,73.8,0,0,0,0,0,0,0,1,233,240,0,0,0,0,35.07590483,-120.58151265,24,San Luis Obispo,,,,,4068759.0,Lucia Mar Unified,24,21,37,-13423072.5873148,4174201.09752177
5160,2024-25,62259007306,30739246058879,73924,6058879,9,Orange,Los Alamitos Unified,Sharon Christa McAuliffe Middle,Middle,Active,7/1/1980 12:00:00 AM,,Middle,06,8,N,,,N,N,N,N,No Status,4112 Cerritos Ave.,Los Alamitos,90720-2521,CA,"21 - Suburban, Large",,1018,24,2.4,2,0.2,122,12.0,18,1.8,343,33.7,9,0.9,369,36.2,129,12.7,2,0.2,12,1.2,0,0.0,3,0.3,0,0.0,228,22.4,105,10.3,227,22.3,0,0,0,0,0,0,0,329,355,334,0,0,0,0,33.80990484,-118.06151214,48,Orange,,,,,3073924.0,Los Alamitos Unified,45,36,70,-13142547.4137624,4003305.36235229
9683,2024-25,61380012893,56724540124750,72454,124750,8,Ventura,Fillmore Unified,Heritage Valley Independent Study,Alternative Schools of Choice,Active,8/15/2011 12:00:00 AM,,Other,KG,12,N,,,C,N,Y,N,No Status,615 Shiells Dr.,Fillmore,93015-1353,CA,"31 - Town, Fringe",http://www.fillmoreusd.org,32,0,0.0,0,0.0,0,0.0,0,0.0,30,93.8,0,0.0,2,6.3,0,0.0,0,0.0,4,12.5,0,0.0,1,3.1,0,0.0,24,75.0,5,15.6,24,75.0,0,0,0,0,0,0,0,0,5,2,4,5,8,8,34.40480485,-118.91631233,58,Ventura,,,,,5672454.0,Fillmore Unified,26,21,38,-13237703.3356065,4083287.81105445
4033,2024-25,60006810542,20755802030203,75580,2030203,7,Madera,Golden Valley Unified,Liberty High,High,Active,8/19/2002 12:00:00 AM,,High,09,12,N,,,N,N,N,N,No Status,12220 Road 36,Madera,93636-8405,CA,"41 - Rural, Fringe",http://www.gvusd.org/liberty/liberty.htm,748,10,1.3,5,0.7,37,4.9,8,1.1,367,49.1,1,0.1,308,41.2,11,1.5,1,0.1,36,4.8,5,0.7,5,0.7,0,0.0,264,35.3,82,11.0,258,34.5,0,0,0,0,0,0,0,0,0,0,213,169,193,173,36.92528705,-119.89651573,12,Madera,,,,,2075580.0,Golden Valley Unified,13,4,8,-13346819.0788971,4428697.87582655
5096,2024-25,64015008756,30736436030662,73643,6030662,9,Orange,Tustin Unified,Red Hill Elementary,Elementary,Active,9/1/2001 12:00:00 AM,,Elementary,PK,5,N,,,N,N,N,N,No Status,11911 Red Hill Ave.,Santa Ana,92705-3105,CA,"21 - Suburban, Large",,436,2,0.5,1,0.2,28,6.4,8,1.8,132,30.3,0,0.0,222,50.9,41,9.4,2,0.5,11,2.5,1,0.2,0,0.0,0,0.0,126,28.9,70,16.1,126,28.9,47,56,62,61,57,83,70,0,0,0,0,0,0,0,33.75718985,-117.79345609,48,Orange,,,,,3073643.0,Tustin Unified,40,37,59,-13112707.55068,3996244.9673449
6366,2024-25,61296009365,36677026107569,67702,6107569,10,San Bernardino,Etiwanda Elementary,Caryn Elementary,Elementary,Active,7/1/1980 12:00:00 AM,,Elementary,KG,5,N,,,N,N,N,N,No Status,6290 Sierra Crest View Loop,Alta Loma,91737-7960,CA,"21 - Suburban, Large",http://www.etiwanda.org,553,15,2.7,2,0.4,118,21.3,14,2.5,230,41.6,0,0.0,124,22.4,28,5.1,22,4.0,34,6.1,0,0.0,34,6.1,0,0.0,134,24.2,62,11.2,133,24.1,37,66,82,81,87,92,108,0,0,0,0,0,0,0,34.14098091,-117.55122208,20,San Bernardino,3667702.0,Etiwanda Elementary,3667652.0,Chaffey Joint Union High,,,28,25,41,-13085742.1840887,4047748.06352958
8936,2024-25,61336001528,48705406051221,70540,6051221,4,Solano,Fairfield-Suisun Unified,Suisun Valley Elementary,Elementary,Active,7/1/1980 12:00:00 AM,,Elementary,KG,8,N,,,N,N,N,N,No Status,4985 Lambert Rd.,Fairfield,94534-9740,CA,"41 - Rural, Fringe",http://www.fsusd.org,495,31,6.3,1,0.2,36,7.3,30,6.1,153,30.9,0,0.0,189,38.2,54,10.9,1,0.2,31,6.3,0,0.0,5,1.0,2,0.4,153,30.9,61,12.3,150,30.3,0,45,61,45,55,57,59,59,60,54,0,0,0,0,38.28871801,-122.11666623,27,Solano,,,,,4870540.0,Fairfield-Suisun Unified,8,3,11,-13593965.1020964,4620292.65604198
2761,2024-25,62271003070,19647331930619,64733,1930619,11,Los Angeles,Los Angeles Unified,Harold McAlister High (Opportunity),Opportunity,Active,7/1/1985 12:00:00 AM,,High,06,12,N,,,C,N,Y,Y,No Status,1321 Cortez St.,Los Angeles,90026-5622,CA,"11 - City, Large",http://mcalisterhs.lausd.org,34,1,2.9,0,0.0,0,0.0,0,0.0,31,91.2,1,2.9,1,2.9,0,0.0,0,0.0,19,55.9,2,5.9,8,23.5,0,0.0,33,97.1,7,20.6,33,97.1,0,0,0,0,0,0,0,0,0,0,9,8,7,10,34.066225,-118.25557301,11,Los Angeles,,,,,1964733.0,Los Angeles Unified,34,26,52,-13164150.170645,4037697.89568673
7809,2024-25,63801011783,39686760111369,68676,111369,6,San Joaquin,Stockton Unified,Alexander Hamilton Elementary,Elementary,Active,8/14/2006 12:00:00 AM,,Elementary,KG,8,N,,,N,Y,Y,N,TSI,2245 East 11th St.,Stockton,95206-3606,CA,"21 - Suburban, Large",http://www.stocktonusd.net,599,46,7.7,3,0.5,33,5.5,11,1.8,466,77.8,3,0.5,13,2.2,23,3.8,1,0.2,199,33.2,7,1.2,34,5.7,3,0.5,534,89.1,118,19.7,523,87.3,24,53,67,56,68,63,60,78,63,67,0,0,0,0,37.93229804,-121.24901806,23,San Joaquin,,,,,3968676.0,Stockton Unified,9,5,13,-13497378.949617,4569866.20628963
8865,2024-25,61497001902,47703186050769,70318,6050769,2,Siskiyou,Gazelle Union Elementary,Gazelle Elementary,Elementary,Active,7/1/1980 12:00:00 AM,,Elementary,KG,8,N,,,N,N,N,N,No Status,25305 Gazelle-Callahan Rd.,Gazelle,96034-0006,CA,"43 - Rural, Remote",http://gazelle.k12.ca.us,34,1,2.9,0,0.0,2,5.9,0,0.0,4,11.8,0,0.0,22,64.7,5,14.7,0,0.0,0,0.0,0,0.0,2,5.9,0,0.0,24,70.6,7,20.6,24,70.6,2,6,1,0,2,5,3,4,8,3,0,0,0,0,41.52036422,-122.52376874,56,Siskiyou,4770318.0,Gazelle Union Elementary,4770516.0,Yreka Union High,,,1,1,1,-13639283.5462061,5089400.91928605
7289,2024-25,63432010056,37683386061964,68338,6061964,9,San Diego,San Diego Unified,The O'Farrell Charter,K-12,Active,7/1/1980 12:00:00 AM,,Other,KG,12,Y,48.0,Directly funded,C,N,Y,N,No Status,6130 Skyline Dr.,San Diego,92114-5620,CA,"11 - City, Large",http://ofarrellschool.org,1862,220,11.8,1,0.1,93,5.0,291,15.6,1088,58.4,11,0.6,27,1.5,129,6.9,2,0.1,277,14.9,3,0.2,137,7.4,0,0.0,809,43.4,260,14.0,755,40.5,45,78,78,78,78,101,109,216,209,197,181,181,172,139,32.70212076,-117.06584388,21,San Diego,,,,,3768338.0,San Diego Unified,52,39,79,-13031710.1300296,3855831.89520971
8712,2024-25,62949004538,44697996049662,69799,6049662,5,Santa Cruz,Pajaro Valley Unified,Bradley Elementary,Elementary,Active,7/1/1980 12:00:00 AM,,Elementary,KG,6,N,,,N,N,N,N,No Status,321 Corralitos Rd.,Watsonville,95076-0522,CA,"41 - Rural, Fringe",,520,1,0.2,3,0.6,3,0.6,2,0.4,296,56.9,1,0.2,194,37.3,19,3.7,1,0.2,68,13.1,0,0.0,12,2.3,14,2.7,282,54.2,69,13.3,282,54.2,29,56,68,66,77,75,74,75,0,0,0,0,0,0,36.97629992,-121.80700803,25,Santa Cruz,,,,,4469799.0,Pajaro Valley Unified,19,17,29,-13559494.1089837,4435803.81639743
8141,2024-25,63753006340,41690704130324,69070,4130324,4,San Mateo,South San Francisco Unified,Baden High (Continuation),Continuation,Active,7/1/1980 12:00:00 AM,,High,09,12,N,,,N,N,N,Y,CSI Grad,825 Southwood Dr.,South San Francisco,94080-3106,CA,"13 - City, Small",,130,0,0.0,1,0.8,8,6.2,12,9.2,88,67.7,0,0.0,13,10.0,8,6.2,0,0.0,26,20.0,0,0.0,5,3.8,0,0.0,80,61.5,48,36.9,61,46.9,0,0,0,0,0,0,0,0,0,0,0,2,40,88,37.64997593,-122.4359412,51,San Mateo,,,,,4169070.0,South San Francisco Unified,15,13,21,-13629506.6291825,4530096.47397818
2890,2024-25,62271002860,19647336016059,64733,6016059,11,Los Angeles,Los Angeles Unified,Braddock Drive Elementary,Elementary,Active,7/1/1947 12:00:00 AM,,Elementary,KG,5,N,,,N,Y,Y,N,No Status,4711 Inglewood Blvd.,Culver City,90230-5823,CA,"11 - City, Large",http://braddockes.lausd.org,541,28,5.2,0,0.0,155,28.7,8,1.5,193,35.7,1,0.2,40,7.4,77,14.2,39,7.2,45,8.3,3,0.6,11,2.0,0,0.0,323,59.7,48,8.9,323,59.7,32,64,85,86,88,79,107,0,0,0,0,0,0,0,33.99227384,-118.41545721,11,Los Angeles,,,,,1964733.0,Los Angeles Unified,36,28,55,-13181948.3987214,4027764.63880573
2169,2024-25,61524001936,19645686013734,64568,6013734,11,Los Angeles,Glendale Unified,La Crescenta Elementary,Elementary,Active,7/1/1980 12:00:00 AM,,Elementary,KG,6,N,,,N,N,N,N,No Status,4343 La Crescenta Ave.,La Crescenta,91214-3806,CA,"21 - Suburban, Large",,400,3,0.8,0,0.0,49,12.3,26,6.5,98,24.5,1,0.3,203,50.7,20,5.0,0,0.0,52,13.0,0,0.0,14,3.5,0,0.0,193,48.3,41,10.3,191,47.8,25,52,47,50,50,48,56,72,0,0,0,0,0,0,34.22113487,-118.2403292,11,Los Angeles,,,,,1964568.0,Glendale Unified,28,25,44,-13162453.237809,4058533.82723446
796,2024-25,61077001192,8618206005383,61820,6005383,1,Del Norte,Del Norte County Unified,Crescent Elk Middle,Middle,Active,7/1/1980 12:00:00 AM,,Middle,06,8,N,,,N,N,Y,N,No Status,994 G St.,Crescent City,95531-3417,CA,"33 - Town, Remote",http://www.cemiddle.org,507,1,0.2,90,17.8,17,3.4,0,0.0,118,23.3,1,0.2,235,46.4,44,8.7,1,0.2,26,5.1,16,3.2,29,5.7,0,0.0,389,76.7,97,19.1,389,76.7,0,0,0,0,0,0,0,164,171,172,0,0,0,0,41.75640509,-124.20351402,38,Del Norte,,,,,861820.0,Del Norte County Unified,2,2,2,-13826271.9354387,5124559.66311269
36,2024-25,60186000059,1611270130450,61127,130450,4,Alameda,Albany City Unified,Albany High,High,Active,7/1/1980 12:00:00 AM,,High,09,12,N,,,N,N,N,N,No Status,603 Key Route Blvd.,Albany,94706-1422,CA,"21 - Suburban, Large",http://ahs.ausdk12.org/,1122,48,4.3,4,0.4,347,30.9,21,1.9,187,16.7,0,0.0,325,29.0,163,14.5,27,2.4,72,6.4,1,0.1,6,0.5,0,0.0,352,31.4,92,8.2,348,31.0,0,0,0,0,0,0,0,0,0,0,269,257,302,294,37.89630396,-122.29184721,1,Alameda,,,,,161127.0,Albany City Unified,12,7,14,-13613466.1595728,4564787.37920233
7338,2024-25,63438008307,37683466117352,68346,6117352,9,San Diego,San Dieguito Union High,Carmel Valley Middle,Middle,Active,9/1/1999 12:00:00 AM,,Middle,07,8,N,,,N,N,N,N,No Status,3800 Mykonos Ln.,San Diego,92130-3572,CA,"11 - City, Large",http://sduhsd.net/cv,697,6,0.9,0,0.0,234,33.6,7,1.0,100,14.3,0,0.0,276,39.6,74,10.6,0,0.0,46,6.6,0,0.0,4,0.6,0,0.0,108,15.5,83,11.9,107,15.4,0,0,0,0,0,0,0,0,363,334,0,0,0,0,32.94700478,-117.23181193,21,San Diego,3768056.0,Del Mar Union Elementary,3768346.0,San Dieguito Union High,,,50,38,77,-13050185.608817,3888271.84511935
2708,2024-25,62271013974,19647330133868,64733,133868,11,Los Angeles,Los Angeles Unified,Rise Kohyang High,High,Active,8/22/2016 12:00:00 AM,,High,09,12,Y,1786.0,Directly funded,N,N,Y,N,No Status,111 South Madison Ave.,Los Angeles,90004-6053,CA,"11 - City, Large",http://brightstarschools.org/rkhs,470,19,4.0,1,0.2,92,19.6,11,2.3,339,72.1,0,0.0,6,1.3,2,0.4,0,0.0,63,13.4,1,0.2,3,0.6,0,0.0,427,90.9,60,12.8,420,89.4,0,0,0,0,0,0,0,0,0,0,123,105,121,121,34.07316421,-118.28904283,11,Los Angeles,,,,,1964733.0,Los Angeles Unified,34,26,54,-13167876.0145247,4038630.42812439
3335,2024-25,62271003062,19647336061477,64733,6061477,11,Los Angeles,Los Angeles Unified,George Ellery Hale Charter Academy,Middle,Active,7/1/1963 12:00:00 AM,,Middle,06,8,Y,1346.0,Locally funded,N,N,N,N,No Status,23830 Califa St.,Woodland Hills,91367-2922,CA,"11 - City, Large",http://halecharteracademy.com,1693,88,5.2,1,0.1,221,13.1,59,3.5,560,33.1,1,0.1,645,38.1,105,6.2,13,0.8,73,4.3,1,0.1,9,0.5,0,0.0,865,51.1,181,10.7,863,51.0,0,0,0,0,0,0,0,542,562,589,0,0,0,0,34.17719785,-118.64560526,11,Los Angeles,,,,,1964733.0,Los Angeles Unified,32,27,46,-13207568.3624167,4052620.25767521
1209,2024-25,60004005118,10754086007082,75408,6007082,7,Fresno,Riverdale Joint Unified,Riverdale Elementary,Middle,Active,7/1/1980 12:00:00 AM,,Middle,04,8,N,,,N,N,Y,N,TSI,3700 Stathem St.,Riverdale,93656,CA,"42 - Rural, Distant",http://www.rjusd.org,507,5,1.0,0,0.0,1,0.2,2,0.4,453,89.3,0,0.0,46,9.1,0,0.0,0,0.0,171,33.7,0,0.0,28,5.5,16,3.2,460,90.7,44,8.7,459,90.5,0,0,0,0,0,84,97,105,100,121,0,0,0,0,36.434388,-119.86403467,39,Fresno,,,,,1075408.0,Riverdale Joint Unified,13,14,31,-13343203.3039262,4360558.29267881
5533,2024-25,62580003865,33671246032304,67124,6032304,10,Riverside,Moreno Valley Unified,Edgemont Elementary,Elementary,Active,7/1/1980 12:00:00 AM,,Elementary,KG,5,N,,,N,N,Y,N,No Status,21790 Eucalyptus Ave.,Moreno Valley,92553-8141,CA,"21 - Suburban, Large",http://edgemont.mvusd.net/,482,56,11.6,3,0.6,4,0.8,1,0.2,393,81.5,1,0.2,11,2.3,6,1.2,7,1.5,175,36.3,12,2.5,13,2.7,0,0.0,470,97.5,90,18.7,468,97.1,24,56,69,80,85,81,86,1,0,0,0,0,0,0,33.9323049,-117.28231201,18,Riverside,,,,,3367124.0,Moreno Valley Unified,39,31,60,-13055807.2520095,4019715.84606683
8263,2024-25,60141406021,42767866045850,76786,6045850,8,Santa Barbara,Santa Barbara Unified,Harding University Partnership,Elementary,Active,7/1/1980 12:00:00 AM,,Elementary,KG,6,N,,,N,N,Y,N,No Status,1625 Robbins St.,Santa Barbara,93101-4734,CA,"13 - City, Small",http://www.sbunified.org,364,2,0.5,0,0.0,0,0.0,0,0.0,279,76.6,0,0.0,61,16.8,10,2.7,12,3.3,134,36.8,1,0.3,4,1.1,0,0.0,284,78.0,50,13.7,284,78.0,30,43,41,56,43,36,67,48,0,0,0,0,0,0,34.41630481,-119.72121246,52,Santa Barbara,,,,,4276786.0,Santa Barbara Unified,24,21,37,-13327304.4082145,4084839.51421249
8669,2024-25,62450003664,43733874331039,73387,4331039,5,Santa Clara,Milpitas Unified,Calaveras Hills,Continuation,Active,7/1/1980 12:00:00 AM,,High,09,12,N,,,N,N,Y,Y,CSI Grad,1331 East Calaveras Blvd.,Milpitas,95035-5707,CA,"13 - City, Small",http://www.musd.org,105,7,6.7,2,1.9,11,10.5,12,11.4,59,56.2,0,0.0,3,2.9,9,8.6,2,1.9,24,22.9,0,0.0,8,7.6,0,0.0,80,76.2,19,18.1,78,74.3,0,0,0,0,0,0,0,0,0,0,8,15,30,52,37.43705095,-121.8825931,53,Santa Clara,,,,,4373387.0,Milpitas Unified,17,10,24,-13567908.2004033,4500202.40717286
5382,2024-25,60985014184,33670330135574,67033,135574,10,Riverside,Corona-Norco Unified,Academy of Innovation,Alternative Schools of Choice,Active,8/9/2017 12:00:00 AM,,Other,KG,12,N,,,V,N,N,N,No Status,3211 South Main St.,Corona,92882-6313,CA,"12 - City, Midsize ",http://ai.cnusd.k12.ca.us,556,42,7.6,0,0.0,39,7.0,8,1.4,271,48.7,2,0.4,166,29.9,14,2.5,14,2.5,39,7.0,4,0.7,7,1.3,0,0.0,381,68.5,78,14.0,381,68.5,0,4,3,8,12,19,15,26,41,49,48,78,116,137,33.83920501,-117.57084796,18,Riverside,,,,,3367033.0,Corona-Norco Unified,41,32,63,-13087926.9271514,4007231.56821473
4867,2024-25,62724004113,30665976029367,66597,6029367,9,Orange,Newport-Mesa Unified,Horace Ensign Intermediate,Middle,Active,7/1/1980 12:00:00 AM,,Middle,07,8,N,,,C,N,N,N,No Status,2000 Cliff Dr.,Newport Beach,92663-5223,CA,"13 - City, Small",http://www.nmusd.us,875,3,0.3,1,0.1,12,1.4,2,0.2,364,41.6,1,0.1,432,49.4,51,5.8,9,1.0,82,9.4,3,0.3,32,3.7,1,0.1,415,47.4,120,13.7,413,47.2,0,0,0,0,0,0,0,0,431,444,0,0,0,0,33.61952583,-117.9165811,48,Orange,,,,,3066597.0,Newport-Mesa Unified,47,36,72,-13126413.7641706,3977827.34182096
9778,2024-25,63684010712,56726036055636,72603,6055636,8,Ventura,Simi Valley Unified,Arroyo Elementary,Elementary,Active,7/1/1980 12:00:00 AM,,Elementary,KG,5,N,,,N,N,Y,N,No Status,225 Ulysses St.,Simi Valley,93065-1739,CA,"22 - Suburban, Midsize",http://www.arroyo.simivalleyusd.org/,264,2,0.8,0,0.0,4,1.5,3,1.1,212,80.3,1,0.4,32,12.1,10,3.8,0,0.0,71,26.9,0,0.0,20,7.6,0,0.0,179,67.8,29,11.0,177,67.0,61,44,30,20,31,37,41,0,0,0,0,0,0,0,34.27344985,-118.7931723,58,Ventura,,,,,5672603.0,Simi Valley Unified,26,27,42,-13223995.4501955,4065579.02704294
7992,2024-25,60420000379,41688586043392,68858,6043392,4,San Mateo,Bayshore Elementary,Bayshore,Elementary,Active,7/1/1980 12:00:00 AM,,Elementary,KG,8,N,,,N,N,Y,N,ATSI,155 Oriente St.,Daly City,94014-1530,CA,"21 - Suburban, Large",http://www.thebayshoreschool.org,342,8,2.3,0,0.0,49,14.3,52,15.2,160,46.8,22,6.4,23,6.7,28,8.2,0,0.0,110,32.2,1,0.3,0,0.0,0,0.0,218,63.7,35,10.2,218,63.7,20,26,38,37,39,29,40,27,38,48,0,0,0,0,37.70535394,-122.41421121,51,San Mateo,4168858.0,Bayshore Elementary,4168924.0,Jefferson Union High,,,15,11,19,-13627087.6578185,4537885.41835442
5023,2024-25,63531008248,30666706116917,66670,6116917,9,Orange,Santa Ana Unified,Jim Thorpe Fundamental,Elementary,Active,9/7/1999 12:00:00 AM,,Elementary,KG,5,N,,,N,N,Y,N,No Status,2450 West Alton,Santa Ana,92704-7118,CA,"11 - City, Large",,738,0,0.0,1,0.1,41,5.6,4,0.5,661,89.6,2,0.3,14,1.9,15,2.0,0,0.0,157,21.3,7,0.9,86,11.7,0,0.0,537,72.8,60,8.1,530,71.8,43,86,104,129,132,128,116,0,0,0,0,0,0,0,33.70294684,-117.9022061,48,Orange,,,,,3066670.0,Santa Ana Unified,46,34,68,-13124813.5464062,3988984.44729886
5703,2024-25,60907009764,33736766108906,73676,6108906,10,Riverside,Coachella Valley Unified,Cesar Chavez Elementary,Elementary,Active,9/10/1990 12:00:00 AM,,Elementary,KG,6,N,,,N,N,Y,N,No Status,49-601 Avenida de Oro,Coachella,92236-1326,CA,"21 - Suburban, Large",http://www.cvusd.us,622,0,0.0,1,0.2,0,0.0,0,0.0,613,98.6,0,0.0,5,0.8,0,0.0,3,0.5,285,45.8,2,0.3,39,6.3,16,2.6,571,91.8,75,12.1,569,91.5,23,61,80,93,90,99,83,93,0,0,0,0,0,0,33.68810493,-116.1869118,18,Riverside,,,,,3373676.0,Coachella Valley Unified,25,18,36,-12933867.8584314,3986998.63116121
5993,2024-25,63384005249,34674396034011,67439,6034011,3,Sacramento,Sacramento City Unified,Hubert H. Bancroft Elementary,Elementary,Active,7/1/1980 12:00:00 AM,,Elementary,KG,6,N,,,N,N,Y,N,No Status,2929 Belmar St.,Sacramento,95826-3604,CA,"11 - City, Large",,408,50,12.3,2,0.5,18,4.4,2,0.5,140,34.3,0,0.0,148,36.3,48,11.8,0,0.0,39,9.6,1,0.2,22,5.4,0,0.0,227,55.6,75,18.4,226,55.4,23,50,50,51,66,56,61,51,0,0,0,0,0,0,38.55341908,-121.38665015,19,Sacramento,,,,,3467439.0,Sacramento City Unified,7,8,6,-13512700.083802,4657903.0759701
8257,2024-25,60141406023,42767864232690,76786,4232690,8,Santa Barbara,Santa Barbara Unified,La Cuesta Continuation High,Continuation,Active,7/1/1980 12:00:00 AM,,High,09,12,N,,,C,N,Y,Y,CSI Grad,710 Santa Barbara St.,Santa Barbara,93101-2232,CA,"13 - City, Small",http://www.sbunified.org,77,0,0.0,0,0.0,0,0.0,0,0.0,73,94.8,0,0.0,3,3.9,0,0.0,1,1.3,16,20.8,0,0.0,1,1.3,0,0.0,72,93.5,32,41.6,69,89.6,0,0,0,0,0,0,0,0,0,0,0,1,20,56,34.42109481,-119.69585046,52,Santa Barbara,,,,,4276786.0,Santa Barbara Unified,24,21,37,-13324481.1232796,4085485.89748758
8027,2024-25,61887002285,41689166043806,68916,6043806,4,San Mateo,Jefferson Elementary,Garden Village Elementary,Elementary,Active,7/1/1980 12:00:00 AM,,Elementary,KG,5,N,,,N,N,Y,N,TSI,208 Garden Ln.,Colma,94015-1628,CA,"21 - Suburban, Large",,288,5,1.7,0,0.0,29,10.1,69,24.0,134,46.5,1,0.3,34,11.8,13,4.5,3,1.0,143,49.7,0,0.0,0,0.0,0,0.0,178,61.8,21,7.3,173,60.1,24,48,37,44,44,45,46,0,0,0,0,0,0,0,37.69440493,-122.47811321,51,San Mateo,4168916.0,Jefferson Elementary,4168924.0,Jefferson Union High,,,15,11,19,-13634201.1958158,4536344.9734144
4181,2024-25,64030008521,23656156117386,65615,6117386,1,Mendocino,Ukiah Unified,Tree of Life Charter,Elementary,Active,9/5/2000 12:00:00 AM,,Elementary,KG,8,Y,276.0,Directly funded,N,N,Y,N,No Status,241 Ford Rd.,Ukiah,95482-3440,CA,"33 - Town, Remote",http://www.treeoflifeschool.net,93,0,0.0,0,0.0,5,5.4,0,0.0,24,25.8,0,0.0,53,57.0,7,7.5,4,4.3,2,2.2,1,1.1,6,6.5,0,0.0,48,51.6,11,11.8,48,51.6,4,9,11,13,12,16,7,8,4,9,0,0,0,0,39.16716899,-123.2070405,44,Mendocino,,,,,2365615.0,Ukiah Unified,2,2,2,-13715345.0105871,4745645.46242217
108,2024-25,61440001664,1611766066468,61176,6066468,4,Alameda,Fremont Unified,John Gomes Elementary,Elementary,Active,7/1/1980 12:00:00 AM,,Elementary,KG,5,N,,,N,N,N,N,No Status,555 Lemos Ln.,Fremont,94539-3750,CA,"12 - City, Midsize ",http://fremontunified.org/gomes/,462,3,0.6,1,0.2,377,81.6,3,0.6,22,4.8,1,0.2,20,4.3,21,4.5,14,3.0,67,14.5,0,0.0,2,0.4,0,0.0,78,16.9,44,9.5,78,16.9,31,52,56,59,84,90,90,0,0,0,0,0,0,0,37.55100496,-121.94881312,1,Alameda,,,,,161176.0,Fremont Unified,14,10,24,-13575279.7793925,4516190.60795541
2046,2024-25,61026001120,19644446012660,64444,6012660,11,Los Angeles,Culver City Unified,Linwood E. Howe Elementary,Elementary,Active,7/1/1980 12:00:00 AM,,Elementary,KG,5,N,,,N,N,N,N,No Status,4100 Irving Pl.,Culver City,90232-2812,CA,"21 - Suburban, Large",http://linhowe.ccusd.org,567,35,6.2,0,0.0,25,4.4,8,1.4,173,30.5,2,0.4,227,40.0,75,13.2,22,3.9,43,7.6,0,0.0,3,0.5,0,0.0,163,28.7,78,13.8,158,27.9,43,75,80,93,92,91,93,0,0,0,0,0,0,0,34.02190484,-118.39241221,11,Los Angeles,,,,,1964444.0,Culver City Unified,37,28,55,-13179383.0409903,4031743.69028458
2961,2024-25,62271002964,19647336016802,64733,6016802,11,Los Angeles,Los Angeles Unified,Dorris Place Elementary,Elementary,Active,7/1/1925 12:00:00 AM,,Elementary,KG,6,N,,,N,N,Y,N,No Status,2225 Dorris Pl.,Los Angeles,90031-1161,CA,"11 - City, Large",http://www.dorrisplaceschool.org,230,5,2.2,0,0.0,18,7.8,9,3.9,181,78.7,0,0.0,11,4.8,6,2.6,0,0.0,14,6.1,0,0.0,3,1.3,0,0.0,192,83.5,24,10.4,192,83.5,18,28,43,20,42,32,27,20,0,0,0,0,0,0,34.09096186,-118.23794719,11,Los Angeles,,,,,1964733.0,Los Angeles Unified,30,26,52,-13162188.0736326,4041022.53088974
6587,2024-25,63417010048,36678763630548,67876,3630548,10,San Bernardino,San Bernardino City Unified,Alternative Learning Center,Alternative Schools of Choice,Active,6/1/1990 12:00:00 AM,,Other,KG,12,N,,,C,N,Y,N,No Status,1885 E. Lynwood Dr,San Bernardino,92404-3269,CA,"12 - City, Midsize ",http://www.sbcusd.com,34,4,11.8,0,0.0,1,2.9,0,0.0,25,73.5,0,0.0,4,11.8,0,0.0,0,0.0,3,8.8,0,0.0,8,23.5,0,0.0,33,97.1,9,26.5,32,94.1,0,0,0,0,0,2,1,0,0,1,0,2,15,13,34.14571592,-117.24743103,20,San Bernardino,,,,,3667876.0,San Bernardino City Unified,33,29,45,-13051924.319065,4048384.93646392
5528,2024-25,62580007213,33671243330800,67124,3330800,10,Riverside,Moreno Valley Unified,Bayside Community Day,Community Day,Active,9/2/1997 12:00:00 AM,,High,07,12,N,,,N,N,Y,Y,No Status,24501 Cactus Ave.,Moreno Valley,92553-3945,CA,"21 - Suburban, Large",http://bayside.mvusd.net/,121,23,19.0,1,0.8,0,0.0,0,0.0,91,75.2,2,1.7,2,1.7,2,1.7,0,0.0,25,20.7,2,1.7,4,3.3,0,0.0,113,93.4,0,0.0,113,93.4,0,0,0,0,0,0,0,0,0,0,0,0,41,80,33.9090379,-117.233723,18,Riverside,,,,,3367124.0,Moreno Valley Unified,39,31,60,-13050398.3481934,4016594.56831233
5314,2024-25,69102614578,33103300140780,10330,140780,10,Riverside,Riverside County Office of Education,Audeo Valley Charter,K-12,Active,7/1/2021 12:00:00 AM,,High,06,12,Y,2118.0,Directly funded,N,N,Y,Y,No Status,"27130 Eucalyptus Ave., Ste. A",Moreno Valley,92555-4544,CA,"21 - Suburban, Large",http://audeovalley.com,238,31,13.0,2,0.8,4,1.7,3,1.3,154,64.7,2,0.8,32,13.4,9,3.8,1,0.4,28,11.8,1,0.4,15,6.3,0,0.0,183,76.9,52,21.8,182,76.5,0,0,0,0,0,0,0,10,22,32,68,69,15,22,33.9362059,-117.187226,18,Riverside,,,,,3367124.0,Moreno Valley Unified,39,31,60,-13045222.3258321,4020239.25034364
9577,2024-25,64116006799,54722566054647,72256,6054647,7,Tulare,Visalia Unified,Mineral King Elementary,Elementary,Active,7/1/1980 12:00:00 AM,,Elementary,PK,6,N,,,N,N,Y,N,No Status,3333 East Kaweah Ave.,Visalia,93292-3313,CA,"12 - City, Midsize ",http://www.vusd.org,569,6,1.1,0,0.0,20,3.5,2,0.4,456,80.1,0,0.0,56,9.8,14,2.5,15,2.6,101,17.8,12,2.1,37,6.5,5,0.9,433,76.1,66,11.6,428,75.2,39,61,61,62,86,89,79,92,0,0,0,0,0,0,36.32534203,-119.25505756,31,Tulare,,,,,5472256.0,Visalia Unified,20,12,32,-13275412.2821201,4345480.77287013
5847,2024-25,61233001405,34673146033005,67314,6033005,3,Sacramento,Elk Grove Unified,Charles E. Mack Elementary,Elementary,Active,7/1/1980 12:00:00 AM,,Elementary,KG,6,N,,,N,N,Y,N,No Status,4701 Brookfield Dr.,Sacramento,95823-3733,CA,"11 - City, Large",,840,70,8.3,0,0.0,234,27.9,17,2.0,420,50.0,17,2.0,36,4.3,46,5.5,0,0.0,407,48.5,5,0.6,23,2.7,11,1.3,723,86.1,108,12.9,704,83.8,24,101,130,118,125,116,115,111,0,0,0,0,0,0,38.48100107,-121.44529515,19,Sacramento,,,,,3467314.0,Elk Grove Unified,7,8,10,-13519228.4153359,4647599.75353819
9438,2024-25,61143001259,53716966053722,71696,6053722,2,Trinity,Douglas City Elementary,Douglas City Elementary,Elementary,Active,7/1/1980 12:00:00 AM,,Elementary,KG,8,N,,,N,N,Y,N,No Status,100 School Rd.,Douglas City,96024-0280,CA,"43 - Rural, Remote",http://www.dcesd.org,162,3,1.9,10,6.2,16,9.9,0,0.0,12,7.4,0,0.0,109,67.3,12,7.4,0,0.0,15,9.3,1,0.6,13,8.0,0,0.0,83,51.2,25,15.4,82,50.6,7,11,17,16,20,23,14,19,16,19,0,0,0,0,40.65280513,-122.94391367,30,Trinity,5371696.0,Douglas City Elementary,,,5376513.0,Trinity Alps Unified,2,2,2,-13686053.8658211,4961264.596848
1473,2024-25,60363000319,15633216009161,63321,6009161,8,Kern,Bakersfield City,Voorhies Elementary,Elementary,Active,7/1/1980 12:00:00 AM,,Elementary,KG,6,N,,,N,N,Y,N,No Status,6001 Pioneer Dr.,Bakersfield,93306-6032,CA,"21 - Suburban, Large",http://voorhies.bcsd.com,915,16,1.7,2,0.2,0,0.0,1,0.1,864,94.4,0,0.0,30,3.3,2,0.2,0,0.0,342,37.4,3,0.3,18,2.0,53,5.8,806,88.1,84,9.2,798,87.2,51,150,135,148,136,152,142,1,0,0,0,0,0,0,35.36848896,-118.91802541,8,Kern,1563321.0,Bakersfield City,1563529.0,Kern High,,,22,16,35,-13237894.0347366,4214070.76212657
9931,2024-25,64308006999,57727106056469,72710,6056469,3,Yolo,Woodland Joint Unified,Dingle Elementary,Elementary,Active,7/1/1980 12:00:00 AM,,Elementary,KG,6,N,,,N,N,Y,N,No Status,625 Elm St.,Woodland,95695-3921,CA,"23 - Suburban, Small",,338,3,0.9,0,0.0,12,3.6,0,0.0,268,79.3,6,1.8,35,10.4,11,3.3,3,0.9,125,37.0,5,1.5,10,3.0,18,5.3,281,83.1,52,15.4,278,82.2,20,36,46,53,40,49,42,52,0,0,0,0,0,0,38.67330507,-121.77621323,34,Yolo,,,,,5772710.0,Woodland Joint Unified,4,3,4,-13556066.0474356,4674982.77992115
2153,2024-25,61524001924,19645681933472,64568,1933472,11,Los Angeles,Glendale Unified,Daily (Allan F.) High (Continuation),Continuation,Active,7/1/1980 12:00:00 AM,,High,09,12,N,,,N,N,Y,Y,CSI Grad,220 North Kenwood,Glendale,91206-4209,CA,"12 - City, Midsize ",,72,0,0.0,0,0.0,1,1.4,5,6.9,38,52.8,0,0.0,28,38.9,0,0.0,0,0.0,30,41.7,0,0.0,8,11.1,0,0.0,42,58.3,11,15.3,40,55.6,0,0,0,0,0,0,0,0,0,0,0,0,15,57,34.14913387,-118.2511852,11,Los Angeles,,,,,1964568.0,Glendale Unified,30,25,52,-13163661.722194,4048844.6830299
1088,2024-25,61970002370,10622656006803,62265,6006803,7,Fresno,Kings Canyon Joint Unified,Lincoln Elementary,Elementary,Active,7/1/1980 12:00:00 AM,,Elementary,PK,5,N,,,N,N,Y,N,No Status,374 East North Ave.,Reedley,93654-2535,CA,"32 - Town, Distant",http://www.kcusd.com,303,2,0.7,0,0.0,0,0.0,0,0.0,268,88.4,0,0.0,5,1.7,0,0.0,28,9.2,114,37.6,0,0.0,4,1.3,23,7.6,281,92.7,24,7.9,281,92.7,31,47,40,40,38,53,54,0,0,0,0,0,0,0,36.60120505,-119.44601262,39,Fresno,,,,,1062265.0,Kings Canyon Joint Unified,21,14,33,-13296669.3021373,4383664.73571927
7047,2024-25,62610003902,37682136038699,68213,6038699,9,San Diego,Mountain Empire Unified,Descanso Elementary,Elementary,Active,7/1/1980 12:00:00 AM,,Elementary,PK,6,N,,,N,N,Y,N,ATSI,24842 Viejas Blvd.,Descanso,91916-9757,CA,"42 - Rural, Distant",,188,0,0.0,2,1.1,0,0.0,0,0.0,74,39.4,0,0.0,102,54.3,10,5.3,0,0.0,11,5.9,0,0.0,2,1.1,0,0.0,87,46.3,27,14.4,85,45.2,14,27,18,30,18,33,28,20,0,0,0,0,0,0,32.85894681,-116.61358482,21,San Diego,,,,,3768213.0,Mountain Empire Unified,48,40,75,-12981364.8817464,3876596.44293344
5280,2024-25,60001308553,31750856100903,75085,6100903,3,Placer,Rocklin Unified,Spring View Middle,Middle,Active,7/1/1980 12:00:00 AM,,Middle,07,8,N,,,N,N,Y,N,No Status,5040 Fifth St.,Rocklin,95677-2322,CA,"21 - Suburban, Large",http://www.rocklinusd.org,780,9,1.2,2,0.3,42,5.4,28,3.6,170,21.8,3,0.4,449,57.6,59,7.6,18,2.3,40,5.1,1,0.1,7,0.9,0,0.0,242,31.0,120,15.4,242,31.0,0,0,0,0,0,0,0,0,387,393,0,0,0,0,38.79530512,-121.24091316,17,Placer,,,,,3175085.0,Rocklin Unified,3,6,5,-13496476.7162703,4692393.0565906
6862,2024-25,60861000868,37680236037915,68023,6037915,9,San Diego,Chula Vista Elementary,Montgomery (John J.) Elementary,Elementary,Active,7/1/1980 12:00:00 AM,,Elementary,PK,6,N,,,N,N,Y,N,No Status,1601 Fourth Ave.,Chula Vista,91911-5799,CA,"11 - City, Large",http://schools.cvesd.org/schools/montgomery/,338,3,0.9,0,0.0,0,0.0,7,2.1,320,94.7,0,0.0,7,2.1,1,0.3,0,0.0,191,56.5,0,0.0,31,9.2,0,0.0,303,89.6,62,18.3,301,89.1,27,34,48,35,46,50,56,42,0,0,0,0,0,0,32.59768575,-117.06848088,21,San Diego,3768023.0,Chula Vista Elementary,3768411.0,Sweetwater Union High,,,52,18,80,-13032003.6795271,3842024.42220017
7583,2024-25,63441005666,38684786040828,68478,6040828,4,San Francisco,San Francisco Unified,Clarendon Alternative Elementary,Elementary,Active,7/1/1980 12:00:00 AM,,Elementary,KG,5,N,,,N,N,N,N,No Status,500 Clarendon Ave.,San Francisco,94131-1113,CA,"11 - City, Large",,533,22,4.1,0,0.0,158,29.6,13,2.4,58,10.9,0,0.0,133,25.0,120,22.5,29,5.4,71,13.3,0,0.0,3,0.6,2,0.4,124,23.3,74,13.9,124,23.3,0,89,88,92,87,92,85,0,0,0,0,0,0,0,37.75370394,-122.45620622,22,San Francisco,,,,,3868478.0,San Francisco Unified,11,11,19,-13631762.5208642,4544690.62942015
6068,2024-25,63462005763,34674476034433,67447,6034433,3,Sacramento,San Juan Unified,Carriage Drive Elementary,Elementary,Active,7/1/1980 12:00:00 AM,,Elementary,KG,6,N,,,N,N,Y,N,No Status,7519 Carriage Dr.,Citrus Heights,95621-2000,CA,"21 - Suburban, Large",http://www.sanjuan.edu/carriage,444,16,3.6,3,0.7,18,4.1,6,1.4,161,36.3,0,0.0,205,46.2,35,7.9,0,0.0,88,19.8,2,0.5,16,3.6,1,0.2,316,71.2,87,19.6,312,70.3,18,53,72,69,68,76,88,0,0,0,0,0,0,0,38.70259011,-121.29563216,19,Sacramento,,,,,3467447.0,San Juan Unified,6,6,7,-13502568.0075107,4679159.25292643
6152,2024-25,60133207727,34765053430261,76505,3430261,3,Sacramento,Twin Rivers Unified,Pacific Career and Technology High,Continuation,Active,7/1/1980 12:00:00 AM,,High,09,12,N,,,N,N,Y,Y,No Status,6560 Melrose Dr.,North Highlands,95660-4375,CA,"21 - Suburban, Large",http://phs.trusd.net/,69,12,17.4,2,2.9,2,2.9,1,1.4,34,49.3,2,2.9,12,17.4,4,5.8,0,0.0,19,27.5,0,0.0,11,15.9,0,0.0,65,94.2,6,8.7,63,91.3,0,0,0,0,0,0,0,0,0,0,0,0,19,50,38.6844741,-121.37225316,19,Sacramento,,,,,3476505.0,Twin Rivers Unified,6,8,7,-13511097.4182486,4676575.4444444
260,2024-25,62805004264,1612596001838,61259,6001838,4,Alameda,Oakland Unified,Fruitvale Elementary,Elementary,Active,7/1/1980 12:00:00 AM,,Elementary,KG,5,N,,,N,N,Y,N,No Status,3200 Boston Ave.,Oakland,94602-2899,CA,"11 - City, Large",http://www.ousd.org/fruitvale,254,69,27.2,4,1.6,12,4.7,2,0.8,121,47.6,0,0.0,24,9.4,10,3.9,12,4.7,90,35.4,0,0.0,12,4.7,0,0.0,243,95.7,72,28.3,243,95.7,21,40,32,41,38,44,38,0,0,0,0,0,0,0,37.79640196,-122.21373819,1,Alameda,,,,,161259.0,Oakland Unified,12,7,18,-13604771.1032173,4550704.02902726
7235,2024-25,63432005484,37683386039762,68338,6039762,9,San Diego,San Diego Unified,Fay Elementary,Elementary,Active,7/1/1980 12:00:00 AM,,Elementary,PK,5,N,,,N,N,Y,N,No Status,4080 52nd St.,San Diego,92105-2209,CA,"11 - City, Large",http://www.fay.sandiegounified.org/,514,125,24.3,3,0.6,38,7.4,0,0.0,312,60.7,5,1.0,13,2.5,11,2.1,7,1.4,265,51.6,1,0.2,135,26.3,0,0.0,497,96.7,66,12.8,494,96.1,63,78,61,76,83,86,67,0,0,0,0,0,0,0,32.75105077,-117.08394589,21,San Diego,,,,,3768338.0,San Diego Unified,52,39,79,-13033725.2365417,3862306.54509431
6931,2024-25,61288001458,37680986038228,68098,6038228,9,San Diego,Escondido Union,Juniper Elementary,Elementary,Active,7/1/1980 12:00:00 AM,,Elementary,KG,5,N,,,N,N,Y,N,No Status,1809 South Juniper St.,Escondido,92025-6240,CA,"21 - Suburban, Large",http://www.eusd.org,588,5,0.9,1,0.2,4,0.7,7,1.2,503,85.5,0,0.0,42,7.1,26,4.4,0,0.0,211,35.9,0,0.0,32,5.4,0,0.0,515,87.6,125,21.3,512,87.1,70,96,80,79,85,84,94,0,0,0,0,0,0,0,33.10510481,-117.06861191,21,San Diego,3768098.0,Escondido Union,3768106.0,Escondido Union High,,,50,40,76,-13032018.2656714,3909263.1931722
3496,2024-25,62958010905,19648570105981,64857,105981,11,Los Angeles,Palmdale Elementary,"Desert Willow Fine Arts, Science and Technology Magnet Academy",Middle,Active,9/7/2004 12:00:00 AM,,Middle,06,8,N,,,C,Y,Y,N,No Status,36555 Sunny Ln.,Palmdale,93550-1019,CA,"21 - Suburban, Large",http://www.palmdalesd.org/dw,948,125,13.2,8,0.8,3,0.3,6,0.6,754,79.5,1,0.1,36,3.8,15,1.6,0,0.0,116,12.2,15,1.6,9,0.9,2,0.2,854,90.1,174,18.4,850,89.7,0,0,0,0,0,0,0,253,328,367,0,0,0,0,34.54570492,-118.0819122,11,Los Angeles,1964857.0,Palmdale Elementary,1964246.0,Antelope Valley Union High,,,27,23,39,-13144818.3379818,4102314.36197303
1262,2024-25,60303007261,12626871230044,62687,1230044,1,Humboldt,Northern Humboldt Union High,Pacific Coast High (Continuation),Continuation,Active,7/1/1980 12:00:00 AM,,High,09,12,N,,,N,N,Y,Y,No Status,1720 M St.,Arcata,95521-5741,CA,"33 - Town, Remote",,24,0,0.0,2,8.3,1,4.2,0,0.0,6,25.0,0,0.0,13,54.2,1,4.2,1,4.2,2,8.3,0,0.0,1,4.2,0,0.0,15,62.5,3,12.5,14,58.3,0,0,0,0,0,0,0,0,0,0,0,0,7,17,40.87642704,-124.08908387,6,Humboldt,1262679.0,Arcata Elementary,1262687.0,Northern Humboldt Union High,,,2,2,2,-13813533.6294601,4994131.73140404
2216,2024-25,61839002260,19646341936046,64634,1936046,11,Los Angeles,Inglewood Unified,Morningside High,High,Closed,7/1/1980 12:00:00 AM,6/30/2025 12:00:00 AM,High,09,12,N,,,N,N,Y,N,No Status,10500 South Yukon Ave.,Inglewood,90303-2003,CA,"21 - Suburban, Large",Information Not Available,407,91,22.4,1,0.2,3,0.7,0,0.0,304,74.7,2,0.5,2,0.5,1,0.2,3,0.7,143,35.1,4,1.0,3,0.7,0,0.0,387,95.1,95,23.3,382,93.9,0,0,0,0,0,0,0,0,0,0,86,107,100,114,33.93999484,-118.33255119,11,Los Angeles,,,,,1964634.0,Inglewood Unified,43,35,61,-13172719.3427543,4020747.64224419
4265,2024-25,62460003696,24657716025704,65771,6025704,7,Merced,Merced City Elementary,Tenaya Middle,Middle,Active,7/1/1980 12:00:00 AM,,Middle,07,8,N,,,N,N,Y,N,No Status,760 West Eighth St.,Merced,95340-5935,CA,"13 - City, Small",,607,35,5.8,1,0.2,27,4.4,0,0.0,504,83.0,1,0.2,21,3.5,12,2.0,6,1.0,132,21.7,4,0.7,9,1.5,13,2.1,558,91.9,67,11.0,556,91.6,0,0,0,0,0,0,0,0,312,295,0,0,0,0,37.29215804,-120.49288786,45,Merced,2465771.0,Merced City Elementary,2465789.0,Merced Union High,,,13,14,27,-13413206.9207466,4479908.46700489
